CapnZeroEval-TCP	0	1.79769e+308	0	0	-nan
CapnZeroEval-TCP	999	175737	786802	633640	9.35294e+09
