CapnZeroEval	0	1.79769e+308	0	0	-nan
CapnZeroEval	0	1.79769e+308	0	0	-nan
CapnZeroEval	999	197880	695235	572502	6.60613e+09
